{"count":1,"gauges":{},"self":1.8131283999999999,"total":6.2384695,"children":{"AgentResetIfDone":{"count":121,"self":0.0023485,"total":0.0023485,"children":null},"AgentSendState":{"count":121,"self":0.0040198,"total":0.0060146,"children":{"CollectObservations":{"count":300,"self":0.0019947999999999997,"total":0.0019947999999999997,"children":null}}},"DecideAction":{"count":121,"self":4.396844,"total":4.4112122,"children":{"AgentInfo.ToProto":{"count":25,"self":0.0143684,"total":0.0143684,"children":null}}},"AcademyStep":{"count":121,"self":0,"total":0,"children":null},"AgentAct":{"count":121,"self":0.0037706999999999997,"total":0.0037706999999999997,"children":null}}}