{"count":1,"gauges":{"GridWorld.CumulativeReward":{"count":285,"max":1,"min":-1,"value":0.99,"weightedAverage":0.9770277}},"self":3.5091824,"total":25.435194799999998,"children":{"AgentSendState":{"count":961,"self":0.0060228999999999994,"total":0.0100123,"children":{"CollectObservations":{"count":954,"self":0.0039894,"total":0.0039894,"children":null}}},"DecideAction":{"count":961,"self":9.9776816,"total":21.849328699999997,"children":{"RenderTexSensor.GetCompressedObservation":{"count":106,"self":9.1713912,"total":9.1713913,"children":null},"CameraSensor.WriteToTensor":{"count":848,"self":2.7002555999999998,"total":2.7002557,"children":null}}},"AgentAct":{"count":961,"self":0.066334999999999991,"total":0.066334999999999991,"children":null}}}